{"cameraMode":{"drawMode":0,"name":"Shaded","section":"Shading Mode"},"sceneLighting":true,"audioPlay":false,"sceneViewState":{"showFog":true,"showMaterialUpdate":true,"showSkybox":true,"showFlares":true,"showImageEffects":true,"showParticleSystems":true},"in2DMode":false,"pivot":{"x":2.437601089477539,"y":4.40936279296875,"z":2.703855514526367},"rotation":{"x":-0.19137822091579438,"y":0.8082781434059143,"z":-0.38033527135849,"w":-0.406721293926239},"size":24.800437927246095,"orthographic":false}