{"cameraMode":{"drawMode":0,"name":"Shaded","section":"Shading Mode"},"sceneLighting":false,"audioPlay":false,"sceneViewState":{"showFog":false,"showMaterialUpdate":false,"showSkybox":false,"showFlares":false,"showImageEffects":false,"showParticleSystems":false},"in2DMode":false,"pivot":{"x":-22.733020782470704,"y":-1030.67724609375,"z":-647.8988647460938},"rotation":{"x":0.014918237924575806,"y":0.8699949979782105,"z":-0.49214714765548708,"w":0.026370566338300706},"size":2233.430908203125,"orthographic":false}