{"cameraMode":{"drawMode":0,"name":"Shaded","section":"Shading Mode"},"sceneLighting":false,"audioPlay":false,"sceneViewState":{"showFog":false,"showMaterialUpdate":false,"showSkybox":false,"showFlares":false,"showImageEffects":false,"showParticleSystems":false},"in2DMode":false,"pivot":{"x":3.392582893371582,"y":4.980653762817383,"z":9.993406295776368},"rotation":{"x":0.2986313998699188,"y":-0.16076788306236268,"z":0.0511099137365818,"w":0.9393479824066162},"size":37.982418060302737,"orthographic":false}