{"cameraMode":{"drawMode":0,"name":"Shaded","section":"Shading Mode"},"sceneLighting":true,"audioPlay":false,"sceneViewState":{"showFog":true,"showMaterialUpdate":true,"showSkybox":true,"showFlares":true,"showImageEffects":true,"showParticleSystems":true},"in2DMode":false,"pivot":{"x":7.536515235900879,"y":1.5269889831542969,"z":9.534563064575196},"rotation":{"x":0.4000135362148285,"y":-0.07001183182001114,"z":0.03066229075193405,"w":0.9133243560791016},"size":49.894508361816409,"orthographic":false}